Trial,Participant,Condition
P01 T01,P01,Independent
P01 T02,P01,Independent
P01 T03,P01,ParentHeld
P02 T01,P02,Independent
P02 T02,P02,ParentHeld
P02 T03,P02,Independent
P02 T04,P02,Independent
P03 T01,P03,Independent
P03 T02,P03,Independent
P03 T03,P03,ParentHeld
P03 T04,P03,ParentHeld
P04 T01,P04,Independent
P04 T02,P04,Independent
P04 T03,P04,Independent
P04 T04,P04,ParentHeld
P04 T05,P04,ParentHeld
P05 T01,P05,Independent
P05 T02,P05,Independent
P05 T03,P05,Independent
P05 T04,P05,Independent
P05 T05,P05,Independent
P05 T06,P05,ParentHeld
P05 T07,P05,ParentHeld
P06 T01,P06,Independent
P06 T02,P06,Independent
P06 T03,P06,Independent
P06 T04,P06,ParentHeld
P06 T05,P06,ParentHeld
P08 T01,P08,Independent
P08 T02,P08,Independent
P08 T03,P08,Independent
P08 T04,P08,ParentHeld
P08 T05,P08,ParentHeld
P08 T06,P08,ParentHeld
P09 T01,P09,Independent
P09 T02,P09,Independent
P09 T03,P09,Independent
P09 T04,P09,ParentHeld
P09 T05,P09,ParentHeld
P10 T01,P10,Independent
P10 T02,P10,Independent
P10 T03,P10,ParentHeld
